method,n_forecasts,mae,rmse,mape,n_mape,mdape,line
naive,893,117823.27659574468,275791.1866553213,13.081779187512774,893,3.453210967396731,nii
seasonal_naive,893,345028.73236282193,767683.5691772891,33.80196525312636,893,10.740387920967203,nii
pooled_ar,893,134048.59065097335,303111.0919618895,14.020305371183007,893,4.266864200641024,nii
combo,893,118234.84852215908,277048.2518340567,13.10741713101824,893,3.4537812836160593,nii
naive,893,294201.3617021277,844418.4169372907,17.654297084940637,893,5.51675881844499,noninterest_income
seasonal_naive,893,399874.3516237402,953525.2288756969,23.38664602181007,893,10.187245570034754,noninterest_income
pooled_ar,893,262575.8077199583,709227.1872827107,15.030459048007868,893,5.89673783419453,noninterest_income
combo,893,266053.6219316693,733114.0779125089,15.57910390158162,893,5.574372310147037,noninterest_income
naive,893,230601.00223964165,561540.1637322662,7.966198444104852,893,4.132952081492128,noninterest_expense
seasonal_naive,893,359409.4176931691,743120.9580917937,12.87611623697496,893,7.5122978693741125,noninterest_expense
pooled_ar,893,222663.06019381213,509360.67645101616,7.870559689819137,893,4.347191247323971,noninterest_expense
combo,893,223757.59396866758,517274.2759851739,7.848342058229167,893,4.141100816247505,noninterest_expense
