line,origin,target,w,n_pseudo_cases,n_pseudo_target_quarters,first_pseudo_target,last_pseudo_target,pseudo_ar_fallbacks,weight_rule,pseudo_sae
nii,2021Q4,2022Q1,0.1,493,10,2019Q3,2021Q4,13,fit,41912832.8287074
nii,2022Q1,2022Q2,0.1,542,11,2019Q3,2022Q1,16,fit,45953168.70178039
nii,2022Q2,2022Q3,0.1,591,12,2019Q3,2022Q2,18,fit,55669923.125105485
nii,2022Q3,2022Q4,0.05,641,13,2019Q3,2022Q3,20,fit,68969256.78459337
nii,2022Q4,2023Q1,0.0,691,14,2019Q3,2022Q4,23,fit,80238240.0
nii,2023Q1,2023Q2,0.0,740,15,2019Q3,2023Q1,25,fit,85207040.0
nii,2023Q2,2023Q3,0.0,790,16,2019Q3,2023Q2,25,fit,92059781.0
nii,2023Q3,2023Q4,0.0,840,17,2019Q3,2023Q3,25,fit,96245337.0
nii,2023Q4,2024Q1,0.0,890,18,2019Q3,2023Q4,25,fit,101112854.0
nii,2024Q1,2024Q2,0.0,940,19,2019Q3,2024Q1,25,fit,105177474.0
nii,2024Q2,2024Q3,0.0,990,20,2019Q3,2024Q2,26,fit,109206683.0
nii,2024Q3,2024Q4,0.0,1040,21,2019Q3,2024Q3,27,fit,113920168.0
nii,2024Q4,2025Q1,0.0,1090,22,2019Q3,2024Q4,28,fit,117010794.0
nii,2025Q1,2025Q2,0.0,1140,23,2019Q3,2025Q1,29,fit,120147591.0
nii,2025Q2,2025Q3,0.0,1189,24,2019Q3,2025Q2,30,fit,125855731.0
nii,2025Q3,2025Q4,0.0,1239,25,2019Q3,2025Q3,31,fit,133887103.0
nii,2025Q4,2026Q1,0.0,1288,26,2019Q3,2025Q4,32,fit,138956160.0
nii,2026Q1,2026Q2,0.0,1337,27,2019Q3,2026Q1,33,fit,142566929.0
noninterest_income,2021Q4,2022Q1,0.7,493,10,2019Q3,2021Q4,2,fit,143852873.03405905
noninterest_income,2022Q1,2022Q2,0.65,542,11,2019Q3,2022Q1,2,fit,155746709.60925668
noninterest_income,2022Q2,2022Q3,0.6,591,12,2019Q3,2022Q2,2,fit,170058702.24168274
noninterest_income,2022Q3,2022Q4,0.55,641,13,2019Q3,2022Q3,2,fit,179457387.52851868
noninterest_income,2022Q4,2023Q1,0.55,691,14,2019Q3,2022Q4,2,fit,192515805.1645428
noninterest_income,2023Q1,2023Q2,0.6,740,15,2019Q3,2023Q1,2,fit,222917769.19894904
noninterest_income,2023Q2,2023Q3,0.8,790,16,2019Q3,2023Q2,3,fit,239315983.65832144
noninterest_income,2023Q3,2023Q4,0.75,840,17,2019Q3,2023Q3,4,fit,248834062.74605507
noninterest_income,2023Q4,2024Q1,0.7,890,18,2019Q3,2023Q4,4,fit,260429019.4118241
noninterest_income,2024Q1,2024Q2,0.8,940,19,2019Q3,2024Q1,5,fit,279366279.4681226
noninterest_income,2024Q2,2024Q3,0.75,990,20,2019Q3,2024Q2,6,fit,289602210.36340934
noninterest_income,2024Q3,2024Q4,0.75,1040,21,2019Q3,2024Q3,6,fit,296515448.38066536
noninterest_income,2024Q4,2025Q1,0.75,1090,22,2019Q3,2024Q4,6,fit,304422722.46631825
noninterest_income,2025Q1,2025Q2,0.8,1140,23,2019Q3,2025Q1,6,fit,320849920.2351713
noninterest_income,2025Q2,2025Q3,1.0,1189,24,2019Q3,2025Q2,6,fit,328232884.8115824
noninterest_income,2025Q3,2025Q4,1.0,1239,25,2019Q3,2025Q3,6,fit,335848093.086859
noninterest_income,2025Q4,2026Q1,1.0,1288,26,2019Q3,2025Q4,6,fit,348326992.7609546
noninterest_income,2026Q1,2026Q2,1.0,1337,27,2019Q3,2026Q1,6,fit,362146592.5971736
noninterest_expense,2021Q4,2022Q1,0.85,493,10,2019Q3,2021Q4,3,fit,119133764.71581715
noninterest_expense,2022Q1,2022Q2,0.85,542,11,2019Q3,2022Q1,5,fit,131040035.76908275
noninterest_expense,2022Q2,2022Q3,0.85,591,12,2019Q3,2022Q2,6,fit,140926364.99279413
noninterest_expense,2022Q3,2022Q4,0.85,641,13,2019Q3,2022Q3,7,fit,147107153.0648437
noninterest_expense,2022Q4,2023Q1,0.85,691,14,2019Q3,2022Q4,9,fit,158546840.36794358
noninterest_expense,2023Q1,2023Q2,0.9,740,15,2019Q3,2023Q1,10,fit,167174363.79695296
noninterest_expense,2023Q2,2023Q3,0.85,790,16,2019Q3,2023Q2,10,fit,174758195.8041289
noninterest_expense,2023Q3,2023Q4,0.8,840,17,2019Q3,2023Q3,10,fit,181942453.8871623
noninterest_expense,2023Q4,2024Q1,0.85,890,18,2019Q3,2023Q4,10,fit,210890342.83496857
noninterest_expense,2024Q1,2024Q2,1.0,940,19,2019Q3,2024Q1,10,fit,229596846.9912386
noninterest_expense,2024Q2,2024Q3,0.75,990,20,2019Q3,2024Q2,10,fit,247804891.1124885
noninterest_expense,2024Q3,2024Q4,0.65,1040,21,2019Q3,2024Q3,10,fit,257653045.17812496
noninterest_expense,2024Q4,2025Q1,0.6,1090,22,2019Q3,2024Q4,10,fit,267140587.01884753
noninterest_expense,2025Q1,2025Q2,0.7,1140,23,2019Q3,2025Q1,10,fit,274418829.0283911
noninterest_expense,2025Q2,2025Q3,0.7,1189,24,2019Q3,2025Q2,10,fit,280625110.4581052
noninterest_expense,2025Q3,2025Q4,0.7,1239,25,2019Q3,2025Q3,10,fit,286553363.5567297
noninterest_expense,2025Q4,2026Q1,0.7,1288,26,2019Q3,2025Q4,10,fit,295240127.3272549
noninterest_expense,2026Q1,2026Q2,0.8,1337,27,2019Q3,2026Q1,10,fit,306032416.9158993
