method,n_forecasts,mae,rmse,mape,n_mape,mdape,target_year,line
naive,198,192429.6717171717,414745.8725386955,31.854456030023425,198,8.073418906349596,2022,nii
seasonal_naive,198,458285.9494949495,917090.2237224719,79.48374461454499,198,19.506255671085537,2022,nii
pooled_ar,198,219619.9905137492,467760.95721029164,33.566868681828005,198,9.401949592594427,2022,nii
eb_panel,198,230651.85730410356,481821.79816358513,35.26400346905003,198,9.582372822619464,2022,nii
naive,199,104897.55778894473,213572.53372397018,8.634300869536462,199,3.981403330426632,2023,nii
seasonal_naive,199,462895.6231155779,1027731.5419419592,24.441270033592254,199,15.750757247944613,2023,nii
pooled_ar,199,144051.3456616851,244310.9896667861,10.973478124063519,199,6.2608042006001785,2023,nii
eb_panel,199,149590.80310894968,352279.68616543495,9.86816500817858,199,4.833260743423405,2023,nii
naive,200,79489.7,159863.27250794662,6.253885988621917,200,2.6186578617766285,2024,nii
seasonal_naive,200,198305.51,359476.6290738523,15.642058818207918,200,7.815362087326943,2024,nii
pooled_ar,200,94570.86918752526,202791.4898510511,6.479628074779748,200,2.7577621364177065,2024,nii
eb_panel,200,87095.49816178039,167253.08205779933,9.365765254972692,200,3.2963340513884276,2024,nii
naive,198,110835.18181818182,294096.47907483036,10.253567016061792,198,2.8230252058758647,2025,nii
seasonal_naive,198,268043.0505050505,619879.439634927,26.317490995113168,198,7.586510425418372,2025,nii
pooled_ar,198,102578.66954684025,287347.8363171709,10.1507337560976,198,2.2532540444068245,2025,nii
eb_panel,198,133576.80726602374,308463.66895200673,7.326884909910938,198,3.2600438332875328,2025,nii
naive,98,85685.62244897959,161296.66340473382,3.8330324547132055,98,2.2390219615511566,2026,nii
seasonal_naive,98,331838.6224489796,697178.1195102928,12.696794081664184,98,9.13432117602974,2026,nii
pooled_ar,98,84996.5830116541,152252.62096348053,3.922445429720045,98,2.3522528260188578,2026,nii
eb_panel,98,149541.05994968695,306992.0966235748,6.699668184622276,98,4.330616405675398,2026,nii
naive,198,245868.21212121213,527486.1667797077,16.238149209264172,198,6.131581548433034,2022,noninterest_income
seasonal_naive,198,447733.5252525252,940295.6741796163,24.368606663138042,198,13.231394562729248,2022,noninterest_income
pooled_ar,198,264553.9592113303,553428.1217562247,17.80787993273201,198,8.694194520847647,2022,noninterest_income
eb_panel,198,372990.77813808003,731857.6422088002,22.61373309168873,198,13.666884706851185,2022,noninterest_income
naive,199,379810.44221105526,1197076.9276303905,26.15501847455745,199,5.008852129956474,2023,noninterest_income
seasonal_naive,199,325627.2864321608,907680.9462813688,18.926747558135528,199,7.813859227218196,2023,noninterest_income
pooled_ar,199,329596.2259322335,976552.6706123347,21.915915987533218,199,4.938620288157333,2023,noninterest_income
eb_panel,199,469456.27321401524,1518549.7872531868,37.41499999138512,199,10.249635390931836,2023,noninterest_income
naive,200,250391.655,618333.9424722089,20.075688964687814,200,5.320578005723793,2024,noninterest_income
seasonal_naive,200,417834.52,970129.0446330839,35.162459553047356,200,11.44083502105388,2024,noninterest_income
pooled_ar,200,216448.5264437183,489342.0919336852,14.134634080267919,200,5.519528509574808,2024,noninterest_income
eb_panel,200,320079.21144791646,550428.2208993847,25.065439006302253,200,12.871377970026407,2024,noninterest_income
naive,198,274055.6767676768,861660.9496183706,12.512109400430816,198,4.979749512363499,2025,noninterest_income
seasonal_naive,198,326548.4898989899,802458.6697823908,14.741176436072005,198,7.370692933889894,2025,noninterest_income
pooled_ar,198,214491.21837686052,664058.1018838537,9.691041128973708,198,5.310919917805948,2025,noninterest_income
eb_panel,198,417302.33960553387,843581.1348187065,25.406245969504305,198,13.465221132543965,2025,noninterest_income
naive,98,348125.2755102041,863163.7247431092,8.701526762835574,98,6.855270173286895,2026,noninterest_income
seasonal_naive,98,565441.0510204082,1266437.8083071294,23.894113970962866,98,11.918842637026767,2026,noninterest_income
pooled_ar,98,313774.45798166224,805318.4010133919,8.053259817148986,98,5.0902855696205345,2026,noninterest_income
eb_panel,98,387903.7978515539,777234.4100953013,22.201276107541034,98,13.86582954568365,2026,noninterest_income
naive,198,221308.0,450339.46445607656,10.376853952911224,198,4.792678160072287,2022,noninterest_expense
seasonal_naive,198,350794.0202020202,613868.4596502854,17.200705642768416,198,8.613468931579224,2022,noninterest_expense
pooled_ar,198,199114.12563641588,418332.8793238625,9.865409666274063,198,4.538844718260415,2022,noninterest_expense
eb_panel,198,282080.49304320733,536738.9143084433,11.697015798062028,198,6.734622778096769,2022,noninterest_expense
naive,199,269786.8391959799,703104.0960721694,7.846908785021653,199,4.788372959707181,2023,noninterest_expense
seasonal_naive,199,422457.783919598,894475.6983137577,14.494685847387117,199,9.823905996758509,2023,noninterest_expense
pooled_ar,199,263778.51379767014,673015.1035936472,7.702570889555191,199,4.549818218003194,2023,noninterest_expense
eb_panel,199,290233.99605767505,676241.6015299727,9.445429273061125,199,6.367950811050045,2023,noninterest_expense
naive,200,270986.525,711179.7051466,10.011554111931236,200,4.5712867296534485,2024,noninterest_expense
seasonal_naive,200,342805.46,794679.0045163078,12.239010462932956,200,6.155888416181535,2024,noninterest_expense
pooled_ar,200,292610.21683650475,610378.2068569039,10.374435890689305,200,5.825972944473476,2024,noninterest_expense
eb_panel,200,304845.14135014167,695616.3158334241,10.898941860845635,200,6.811193444411407,2024,noninterest_expense
naive,198,154829.18181818182,310859.18229637307,4.732871258664393,198,3.109072666765588,2025,noninterest_expense
seasonal_naive,198,295854.33838383836,588195.7962974617,8.922535113800098,198,5.710310193663065,2025,noninterest_expense
pooled_ar,198,140551.33350179213,283993.0874301309,4.720642777222999,198,2.8010879560440505,2025,noninterest_expense
eb_panel,198,245278.98406447115,515976.59043911163,7.0488251063970955,198,5.9402470029119065,2025,noninterest_expense
naive,98,240475.98979591837,481985.27020829724,5.696366817225554,98,3.913433377652514,2026,noninterest_expense
seasonal_naive,98,411082.0816326531,811297.338617763,10.14005666940251,98,7.291038848432299,2026,noninterest_expense
pooled_ar,98,209901.87990481383,409311.4886498879,5.435435041191071,98,4.11214286695473,2026,noninterest_expense
eb_panel,98,250124.66434577576,459605.34472691384,6.508020027191426,98,4.602489150295813,2026,noninterest_expense
