line,origin,rho,alpha,sigma2,phi0,phi1,omega2,shrinkage,N,T,loglik,n_universe,n_excluded_incomplete_window,data_last_quarter,history_last_quarter
nii,2021Q4,0.8173220325749986,"[-0.003323358891163004, -0.06907739121536025, -0.014974162540479155]",0.13553663219002537,-0.05039489665666963,0.15587592659791508,0.0,1.0,49,12,354.44313103840756,50,1,2021Q4,2021Q4
nii,2022Q1,0.6710261828901817,"[0.019888576746699575, -0.03959352161691649, -0.005078555610541805]",0.15640930990898927,-0.08088502995161918,0.29972805087041526,0.007671717514743924,0.6294899191616666,49,12,300.99250400083304,50,1,2022Q1,2022Q1
nii,2022Q2,0.5757885619974817,"[0.019267706783322614, -0.03529217135394606, -0.0017590714414869616]",0.16024792429069498,-0.0912986246214695,0.39171492052839224,0.01545631346098994,0.4635144505920094,49,12,286.3654708903291,50,1,2022Q2,2022Q2
nii,2022Q3,0.5522207194831592,"[0.01897439742444797, -0.04011521095533751, 0.03472220118319356]",0.1615671012609075,-0.05464967060143684,0.4068647189967415,0.0137358359570593,0.4950015948419083,50,12,291.39322935987354,50,0,2022Q3,2022Q3
nii,2022Q4,0.650966467193027,"[-0.0343323924120842, -0.08594304800667622, 0.0093585053226816]",0.15290991187024283,-0.05684414648282031,0.33723608629517965,0.005293998382074163,0.7064840178202197,50,12,316.80820147000577,50,0,2022Q4,2022Q4
nii,2023Q1,0.6956775666409726,"[0.0129710749530873, -0.08614402953658941, 0.012954165241126962]",0.18889540781373612,-0.05926867534802824,0.3074571962032156,0.0,1.0,50,12,262.0912107190498,50,0,2023Q1,2023Q1
nii,2023Q2,0.7575750714894833,"[-0.04571091346067161, -0.07223830343821198, -0.018898522148532274]",0.12684399870768637,0.004921566725954158,0.2584516040689769,0.0,1.0,50,12,381.56185750599616,50,0,2023Q2,2023Q2
nii,2023Q3,0.7382279548820815,"[-0.0052635344326813745, -0.011766816104213793, 0.06771522034310024]",0.1520595090806667,0.013555997821947947,0.28330813257189463,0.009334594828896519,0.5758201735468944,50,12,313.3686678948938,50,0,2023Q3,2023Q3
nii,2023Q4,0.7454969648920328,"[-0.03200830280152946, -0.03861910875396011, 0.040830867914376845]",0.14757156829243176,-0.0018013077630295413,0.28328161099619337,0.006424130907805458,0.6568629039586209,50,12,325.6482710782693,50,0,2023Q4,2023Q4
nii,2024Q1,0.6954512048970681,"[-0.0018587671400242842, -0.04298093910898049, 0.036689974613254496]",0.13979026482167053,0.023095458848195034,0.3405561633478478,0.016753912684199287,0.41013791286918266,50,12,330.1247475926492,50,0,2024Q1,2024Q1
nii,2024Q2,0.6132472983755622,"[-0.00014461356793253635, 0.007414627962168772, 0.02988830713510044]",0.12881589302043964,0.0014760876387802915,0.4558194018608111,0.03716420542250444,0.22411090870072317,50,12,339.5436346788432,50,0,2024Q2,2024Q2
nii,2024Q3,0.5408446155246172,"[0.0013652282434928418, 0.009839817172109896, 0.0971680434464164]",0.1214317011415034,0.08523255118972678,0.5041748416288903,0.047380150580368416,0.17598962847468094,50,12,351.21040230828316,50,0,2024Q3,2024Q3
nii,2024Q4,0.5163026028805829,"[-0.09485575387039756, -0.08607084705855457, 0.0016331672561980118]",0.06356683683768216,0.38640553706877107,0.42812980739648926,0.12266074488593008,0.041398249251628765,50,12,509.20876245322177,50,0,2024Q4,2024Q4
nii,2025Q1,0.5858113377721212,"[-0.05078887970092139, -0.09133099579634284, 0.0055953086331363725]",0.04244179457057673,0.20561856246641316,0.4080179315050419,0.06026638806310976,0.05543320675309255,50,12,637.6947589948469,50,0,2025Q1,2025Q1
nii,2025Q2,0.6542126244928087,"[-0.048654441019981315, -0.07169720857158395, 0.010106088941835347]",0.038300874471072915,0.10333495991240564,0.34811023441539407,0.029723236468727716,0.09696921967926983,50,12,682.473389675426,50,0,2025Q2,2025Q2
nii,2025Q3,0.49017598877261814,"[-0.012333737668015838, -0.07349861768893727, -0.008144535670298976]",0.0727093216111454,0.03089294876668431,0.512061311707293,0.025127501077110363,0.19428562126213342,50,12,507.5477227699686,50,0,2025Q3,2025Q3
nii,2025Q4,0.44608795501377724,"[0.010187107316552915, -0.054151142530821234, 0.011816754997129749]",0.06610869454085434,-0.05533375235492278,0.5521358417935418,0.03388706057312031,0.1398375803236346,50,12,527.8773258659502,50,0,2025Q4,2025Q4
nii,2026Q1,0.46451077803379603,"[-0.009768559933137987, -0.05281657221823148, 0.015247765262954035]",0.03656663108523022,0.026212981553308683,0.4943709417847103,0.11487014897697531,0.025841988357927746,49,12,650.0482608793884,50,1,2026Q1,2026Q1
noninterest_income,2021Q4,0.418362297982735,"[0.007224200185453252, -0.06074210226195065, -0.0020727721246919617]",0.36700056987020996,0.0770130262263351,0.573524134293121,0.037026981113720436,0.4523475388485586,49,12,42.14746476381687,50,1,2021Q4,2021Q4
noninterest_income,2022Q1,0.4854277126925129,"[-0.05849649592542306, -0.05906076810666677, 0.004497697615800546]",0.4235498710464494,0.07595894940933653,0.4775737820893348,0.025212911162630205,0.5833178187653077,49,12,6.244846724997103,50,1,2022Q1,2022Q1
noninterest_income,2022Q2,0.5321043446952882,"[-0.053003822282215736, -0.14509473623656927, 0.011227795658667406]",0.4659517762733263,-0.010453499872118917,0.4498724513656062,0.0,1.0,49,12,-8.599885506802082,50,1,2022Q2,2022Q2
noninterest_income,2022Q3,0.6461658091998482,"[-0.07226214882649801, -0.14195743359105445, -0.08022562155187457]",0.5115384976474896,0.052684062459469744,0.30924739013312896,0.004989680115314726,0.8952141663896298,50,12,-39.54491152583044,50,0,2022Q3,2022Q3
noninterest_income,2022Q4,0.6970778339728975,"[-0.01729737683976128, -0.08588764622172815, -0.008976888624748894]",0.5120139397734659,0.024734899241403773,0.27006953089921937,0.0,1.0,50,12,-37.056305297339236,50,0,2022Q4,2022Q4
noninterest_income,2023Q1,0.8267241431344917,"[0.312062516636984, -0.10364117242772272, -0.027657499425660106]",2.744619751361312,0.13203449038215317,0.14966890813044595,0.00700264157253358,0.9702926640666458,50,12,-541.5240345733482,50,0,2023Q1,2023Q1
noninterest_income,2023Q2,0.1469903712115896,"[0.294565248339167, -0.10124283057687128, -0.03436117518405171]",2.846264613565929,0.12065068979957455,0.8537148802941048,0.9283067083689494,0.20350892201901774,50,12,-591.4807113722752,50,0,2023Q2,2023Q2
noninterest_income,2023Q3,0.13967033984917404,"[0.33031507427773793, -0.08713872687722315, -0.08613265506512469]",2.79911992592317,0.08824257193143333,0.8260058517782737,1.0392334846605653,0.18330938253938006,50,12,-589.0833489029382,50,0,2023Q3,2023Q3
noninterest_income,2023Q4,0.12332882237728802,"[0.38682693613996916, -0.025160307110708185, -0.03021257908882399]",2.742889787238999,0.03490049762266926,0.8456712632572783,0.6767544487833549,0.25247644834399924,50,12,-574.991875919399,50,0,2023Q4,2023Q4
noninterest_income,2024Q1,0.10170983608309447,"[0.4010645559501126, -0.016048719464222327, -0.02911570197986855]",2.693652505759928,-0.04013782308506249,0.8888624847281075,0.9615574586312621,0.18926277235279662,50,12,-576.7622306832645,50,0,2024Q1,2024Q1
noninterest_income,2024Q2,0.08739787918338743,"[0.401407845080067, -0.019566936471157297, -0.028388498755220974]",2.681272868511851,0.005929037131668698,0.8872601326689603,0.5154623860396906,0.30239391513780267,50,12,-563.6654424867083,50,0,2024Q2,2024Q2
noninterest_income,2024Q3,0.07804133139608026,"[0.4016319147516443, -0.015567572543738422, 0.009982173070530374]",2.6446131860756292,0.1462931220623791,0.8787973821720947,0.6927798578509179,0.24134149197534233,50,12,-565.1733363378012,50,0,2024Q3,2024Q3
noninterest_income,2024Q4,0.06520791469626906,"[0.40108223996786807, -0.010938990567046029, 0.009661000919615241]",2.600361863698552,0.2506611586777619,0.8348796536891201,0.5237898104078978,0.29264109910746233,50,12,-555.2927263246866,50,0,2024Q4,2024Q4
noninterest_income,2025Q1,0.0647486294295061,"[0.48154433666574975, -0.012242158449896188, 0.012219740025997645]",2.6373169287900047,0.05680402357087603,0.93685899061096,0.18486291712599598,0.5431414981228836,50,12,-544.0655945859779,50,0,2025Q1,2025Q1
noninterest_income,2025Q2,0.0706612485884692,"[0.48392253377079575, 0.05562327405146656, 0.010448957338216273]",2.6155614597534007,0.31413314284023525,0.8910093385497329,0.28188196013071765,0.4360617270669776,50,12,-547.070255050579,50,0,2025Q2,2025Q2
noninterest_income,2025Q3,0.0640460801563727,"[0.4873074835413413, 0.05692713254686938, 0.12657617960070686]",2.5986535832272795,0.2771569807560111,0.9384275257809733,0.4089238574921926,0.3462221749156304,50,12,-550.8922358915779,50,0,2025Q3,2025Q3
noninterest_income,2025Q4,0.04999881883099885,"[0.31854068849482686, -0.047613675295352334, 0.017600651711835367]",2.452720734721254,0.2754504594823084,0.9644491405688541,0.3483175944905996,0.3698015755235039,50,12,-531.9064249557143,50,0,2025Q4,2025Q4
noninterest_income,2026Q1,0.02833866297721129,"[0.15431026914930504, -0.044303681038006734, 0.01508882427603328]",0.18489049673475436,1.6657711516985243,0.33488244677909224,10.504059190827137,0.0014646694349409106,49,12,103.25964555614524,50,1,2026Q1,2026Q1
noninterest_expense,2021Q4,0.4413576776905315,"[-0.1570213050276044, -0.13917915342595397, -0.11020446912578821]",0.41286306164964964,-0.012948512589763587,0.5337193037527458,0.014160820207687927,0.7084215657319006,49,12,18.51863001085026,50,1,2021Q4,2021Q4
noninterest_expense,2022Q1,0.4964190137949751,"[-0.1600156464156179, -0.1289656289666146, -0.10909224254237988]",0.6418268024646229,-0.021491295504999654,0.4888483666328455,0.019343755850864182,0.7343960491784502,49,12,-110.31268795854393,50,1,2022Q1,2022Q1
noninterest_expense,2022Q2,0.5192640899347845,"[-0.1509102880039085, -0.16097366707842667, -0.09566967223791678]",0.6753432717343254,-0.05126135305390301,0.47057030736703503,0.019681051303944187,0.7409012624829393,49,12,-125.06199591569758,50,1,2022Q2,2022Q2
noninterest_expense,2022Q3,0.5421003611398842,"[-0.18402926736956826, -0.1484492964360971, -0.13862251426945393]",0.7831190209291661,0.02744665855801276,0.41948392342099483,0.16275985567053033,0.2862028904015018,50,12,-195.812515097789,50,0,2022Q3,2022Q3
noninterest_expense,2022Q4,0.5298389054490524,"[-0.14601090717601006, -0.10119383927776175, -0.08036026739808677]",0.7806005686375922,-0.007246964485317165,0.42627391587159513,0.041256589259604654,0.6119095612350032,50,12,-175.8490946019313,50,0,2022Q4,2022Q4
noninterest_expense,2023Q1,0.5792929251738793,"[-0.07921169272979504, -0.09776959371821757, -0.1196303592889733]",0.47308640480933595,0.021688236319621492,0.41540241880748663,0.2346970160761887,0.143819276427719,50,12,-61.81410861845225,50,0,2023Q1,2023Q1
noninterest_expense,2023Q2,0.6253759216564936,"[-0.12393733505430418, -0.14678402164412954, -0.15759237789962813]",0.31170072704930196,-0.06934037949275891,0.3950183770135605,0.26837759772256076,0.08824469511019584,50,12,51.145151723425,50,0,2023Q2,2023Q2
noninterest_expense,2023Q3,0.6818155469118136,"[-0.11582137538617258, -0.09097653863242611, -0.11733219059087029]",0.283259173842117,0.023790588332746308,0.3151389954407161,0.09470805978632021,0.19951258915865316,50,12,100.24361525933796,50,0,2023Q3,2023Q3
noninterest_expense,2023Q4,0.8657282726714028,"[-0.35153225617788436, -0.3189072725749779, -0.3445275650666037]",0.47606559626410067,0.055054246724503646,0.13537851104978746,0.0,1.0,50,12,-15.217445664976406,50,0,2023Q4,2023Q4
noninterest_expense,2024Q1,0.4699984566625744,"[-0.3398534483442573, -0.3058164602696698, -0.33301904492870754]",0.4734572348106543,-0.07672902775956142,0.5852754412196504,0.17908894108892653,0.18053491198184918,50,12,-56.365005011173864,50,0,2024Q1,2024Q1
noninterest_expense,2024Q2,0.4614902137168429,"[-0.33713636773545086, -0.2642429836893757, -0.3327715588457066]",0.5004379013873328,0.0031842411905673574,0.5689013702021068,0.14804511559840847,0.21978149028400182,50,12,-68.07384173695769,50,0,2024Q2,2024Q2
noninterest_expense,2024Q3,0.4439865940400076,"[-0.3315466617440329, -0.2619746995254775, -0.24864337061954234]",0.49222284516132275,0.19253504735616134,0.548655212721184,0.13938692843748915,0.22736873702621443,50,12,-62.25977012105541,50,0,2024Q3,2024Q3
noninterest_expense,2024Q4,0.39475024998953623,"[-0.3439273446160227, -0.2836985761457516, -0.2710899966974181]",0.43051382169073754,0.38312245546613793,0.5321248123997013,0.24713615630702832,0.12676534121984354,50,12,-36.680019120862084,50,0,2024Q4,2024Q4
noninterest_expense,2025Q1,0.36165001824259213,"[-0.2553242788495161, -0.2904686539632189, -0.27508782641399465]",0.386648221222041,0.11700502055307412,0.6567796080460437,0.32631142892687315,0.08986833770560548,50,12,-13.04057708161167,50,0,2025Q1,2025Q1
noninterest_expense,2025Q2,0.3388323956267309,"[-0.23633492335469306, -0.2386059024513541, -0.2758302230449292]",0.36613684142189173,0.3198914631867406,0.6241361357640186,0.19233992130193506,0.13691371808329175,50,12,13.83699711787773,50,0,2025Q2,2025Q2
noninterest_expense,2025Q3,0.2761386450625353,"[-0.1823681777508353, -0.23543211025709665, -0.2136586831097149]",0.3844571330662711,0.33890990736470433,0.6882027955899988,0.2178346907061487,0.1282176224422923,50,12,-2.451095722482691,50,0,2025Q3,2025Q3
noninterest_expense,2025Q4,0.23161786871373977,"[-0.15412436629474902, -0.22301995938256383, -0.20817911100647682]",0.23482674838311512,0.22395729838746165,0.7303874493852547,0.22657160981926436,0.07950294754380936,50,12,133.49581999202772,50,0,2025Q4,2025Q4
noninterest_expense,2026Q1,0.1598410899300466,"[-0.14358675053614964, -0.2104894699044941, -0.2038942130790163]",0.19875545285791435,0.1182748999296412,0.8010085254692993,0.4612269130970314,0.03466577156905028,49,12,159.52109841806646,50,1,2026Q1,2026Q1
